{
  "name": "workdock",
  "version": "1.0.0",
  "description": "AI-powered real-time Business Intelligence and Data Management platform",
  "type": "feature",
  "status": "draft",
  "created": "2026-02-15",
  "updated": "2026-02-15",
  "metadata": {
    "domain": "Business Intelligence",
    "technology_stack": {
      "frontend": ["React", "TypeScript"],
      "backend": ["Java 17", "Spring Boot", "Python 3.11", "FastAPI"],
      "databases": ["PostgreSQL", "TimescaleDB", "MongoDB", "Redis"],
      "messaging": ["Apache Kafka"],
      "ml_frameworks": ["scikit-learn", "Prophet", "TensorFlow"],
      "deployment": ["Kubernetes", "Docker"]
    },
    "target_users": [
      "Small business owners",
      "Medium business owners",
      "Startup founders",
      "Finance managers"
    ]
  },
  "files": {
    "requirements": "requirements.md",
    "design": "design.md",
    "tasks": "tasks.md"
  },
  "requirements_summary": {
    "total": 15,
    "categories": [
      "Data Integration",
      "Real-Time Tracking",
      "Metrics Calculation",
      "ML Forecasting",
      "Anomaly Detection",
      "AI Insights",
      "Alerting",
      "Authentication",
      "Multi-User Support",
      "Performance",
      "Security",
      "User Experience",
      "Connection Management",
      "Audit Logging",
      "System Monitoring"
    ]
  },
  "architecture": {
    "style": "Microservices",
    "patterns": [
      "Event-Driven Architecture",
      "CQRS",
      "API Gateway",
      "Service Mesh"
    ],
    "services": [
      "API Gateway",
      "Auth Service",
      "Data Aggregator Service",
      "Metrics Engine Service",
      "ML Forecaster Service",
      "Anomaly Detector Service",
      "Insight Generator Service",
      "Alert Manager Service",
      "User Management Service",
      "Connection Manager Service"
    ]
  },
  "quality_attributes": {
    "performance": {
      "dashboard_load_time": "< 2 seconds",
      "api_response_time": "< 500 milliseconds",
      "metric_update_latency": "< 10 seconds"
    },
    "scalability": {
      "concurrent_users": "10,000+",
      "transactions_per_second": "1,000+"
    },
    "reliability": {
      "uptime": "99.9%",
      "failover_time": "< 5 seconds"
    },
    "security": {
      "encryption_at_rest": "AES-256",
      "encryption_in_transit": "TLS 1.3",
      "authentication": "JWT + MFA",
      "authorization": "RBAC"
    }
  },
  "external_integrations": [
    "Banking APIs (Plaid)",
    "Payment Gateways (Stripe)",
    "Accounting Software (QuickBooks)",
    "Sales Platforms (Shopify)"
  ],
  "compliance": [
    "GDPR",
    "CCPA"
  ]
}
